6,3,1,2,4,5
LC10601ATBL,LC10602ATBL,LC8443GRAY,LCAABAWABR26,LCADBAGRBL,LCALSCHBLKLGRY
LC4044BARE30,LCAB3NAT,LCAHBDDGQNBX2,LCAHBDDGQNBX1,LCAJBDGRKGBX1,LCANDIGRTOP
LC847SIBL,LCAN3GR,LCAHLOGR,LCAVCHBLUE,LCAJBDGRKGBX2,LCBSBAMBVG26
LCADCHWABL,LCAUBABSWH26,LCAJCNGR,LCAWSMPLGR,LCAJBDGRKGBX3,LCCM3GR
LCAJCOGRBASE,LCAUBAWACR,LCAJDRGR,LCBE3ES,LCAMCOWHLG,LCDXBABLGR26
LCAJCOGRTOP,LCAVBABLGR26,LCALSIWA,LCBLSIBLBS,LCARCHBLGR,LCDXBAWAGR26
LCBABABLBLUE,LCBE3PW,LCAMBEGRBCH,LCBRBABLGR26,LCATCOBRGLD,LCEG1BLUSH
LCBRSIGR,LCBNSIWABL,LCAMDIWHLG,LCBUCHWAGREY,LCBABAWACR26,LCEL2DG
LCBYBABLBL30,LCBRBABLGR30,LCAOBAWABL,LCCDBAGR26,LCBYBABSWH30,LCEV3GR
LCCFBDBLKGBX1,LCBRDIGLBA,LCAOBDBRKG,LCCEBAGRYMO30,LCCJSIARGR,LCGNBAWAGR
LCCM3BLUE,LCBYBABSBL26,LCARCHES,LCCFBDBLKG,LCCO1DG,LCHP3GR
LCDOBAABBR26,LCCABABSWH30,LCAUSIBLCH,LCCFBDBLQN,LCCRDILG,LCJO3GR
LCDSRU5X8SIL,LCCASWBAGRB201,LCAYBAWACR30,LCCL26SWBAGRB201,LCDIBAWAGRY26,LCLABABLGR
LCEG1GR,LCCFDRBL,LCBABABLBL,LCCLCHBLUSH,LCDUCNCC,LCLKSTGR
LCERBAGRBL,LCCIBAESTN30,LCBABAWAGR26,LCCNCOTO,LCDXLAGLGLD,LCMGBABSWHI30
LCFEDIGRTO,LCCM3BLUSH,LCBNBAWABLBL,LCCO1BL,LCELBABSGRY26,LCMKSIBL
LCFUDIWABA,LCCRBAGRF,LCBRDIGLTO,LCCOBDBALQNBX1,LCGLSIBLGR,LCMQDIGR
LCFUSIGR,LCCXBABLGR30,LCBYBABLBL26,LCCRBAGR30,LCGYBAWAGR30,LCMQRCOTDGRY
LCHNDIBLK,LCDUBABLWH,LCCABABLBLU26,LCCRBTTO,LCHT1BLUE,LCMXBABLGR30
LCJUBAWABR30,LCES2GM,LCCABABSWH26,LCCXBABLGR26,LCJD3DV,LCNRBAGLGRY26
LCLEBAWACR,LCGYBABLGR26,LCCHBABSBL30,LCDA3DV,LCJO1GR,LCNTBABLVG30
LCLEBDCHQNBX2,LCHBBAGRBL30,LCCIBAESTN26,LCDA3GR,LCJUBABLGR30,LCONSIWABL
LCLXCOBLBASE,LCHU1DG,LCCLDIB201BA,LCDOBAMBBL26,LCJZCHCHBL,LCPDCOBLBS
LCMG1BLUE,LCILLABSGR,LCCO3BL,LCELCHDGRI,LCKATBLWA,LCPDDIBL
LCMHSMPLGR,LCJGBAWACR26,LCCRBTLG,LCELCHDGRIBOX2,LCLESIBLU,LCPJDICCTOP
LCMIBEGR,LCKLSWBABSGR,LCCTSIGRBLK,LCEV3BLUE,LCLFBDQNBX2,LCPJDIRUBASE
LCMSDIWA,LCLEBAWAGR,LCCTSIGRCHRM,LCEVSOTL,LCLXCOMBTOP,LCQUCHSB
LCMVBDTGQNBX1,LCLEBDCHKGBX1,LCDNCHMFVG,LCGOCHBLUE,LCMABABLKBL26,LCRABAARKACH30
LCMVBDTGQNBX2,LCLEBDCHKGBX2,LCDSCHDV,LCGRCHCH,LCMNDIBLBASE,LCRNBAWACR30
LCMVBDTGQNBX3,LCLFBDQNBX1,LCDXBAWABR30,LCGYBAWACR26,LCPH1DG,LCSM3GREY
LCMVBDTGQNBX4,LCLFLABR,LCEG3BLUE,LCIABABRNTP26,LCPLCHNAT,LCSRDRBL
LCMXBABLGR26,LCLGSWBAMBGR,LCEG3BLUSH,LCJGBABLGR26,LCPRCOLT,LCTRCORU
LCNHCHBLU,LCLRBABSGR30,LCELBABSWHI26,LCJO3BLUE,LCRBSIGR,LCWNDICLTOP
LCOPSITGRY,LCLRBASLWH26,LCHIDIGR,LCKE3DV,LCRE1GR,LCZEDIGRLG
LCPEDRNAT,LCMSBABLGRY26,LCHRDIBG,LCLFBDGRKGBX1,LCRESIWABLU,
LCPFSWCHGR,LCMYDITOGREY,LCHTLABL,LCLFBDGRKGBX2,LCTASIGRBL,
LCPYBAWABR30,LCNKBAWABSGR30,LCJD1DV,LCLMSIGRBL,LCTOBABLKGRY26,
LCSHBAGRBL30,LCPFDIBL,LCJRBAGRON30,LCLTBAMBGR30,LCVDBABSGR26,
LCTOSWBAWAGR,LCPGBUGR,LCJSBAGRBL26,LCMABABSBLU30,LCVLBTABBS,
LCTYBAGRBL30,LCPPBAWACR26,LCJSBAWACR30,LCMABTGRTO,,
LCWLCOBRGLD,LCRICOCCGR,LCKMCHGRAY,LCOPSITCHA,,
LCZYDIBL,LCRTBAWACR,LCLLBAMBGR26,LCPDCHBLACK,,
SETODCDGRBX2,LCSRBUBL,LCLRDIWA,LCPDCNBLBS,,
SETODGDGRBX1,LCSWCHGR,LCLV3BEIGE,LCPELANAT,,
SETODGDGRBX2,LCTOBAWAGRY26,LCLZSIBLCH,LCPLSIGRWA,,
SETODMNGRBX3,LCVRBAWACR30,LCMABTGRLG,LCRFDITOGR,,
,LCVYSCHBLKDGRY,LCMD014SIBL,LCSIBEGRAY,,
,LCWNDIBSBA,LCMD014SIRE,LCSOBACRWA30,,
,LCZA3BR,LCMGBABSGRY26,LCSRBEBLUE,,
,LCZEDIGRTO,LCMKSIWA,LCSRDEBL,,
,LCZUBAVGBL26,LCMNDIWATOP,LCSTBABLWSB26,,
,,LCMOBUBL,LCSTBAWABL,,
,,LCMODIBL,LCSUCHBLUE,,
,,LCMQBTGR30,LCTRCNRU,,
,,LCMSBABLCRM26,LCTSOTVLGRAY,,
,,LCMYCHSBBR,LCTYBAGRBL26,,
,,LCNLBAWACR26,LCULSIBLCH,,
,,LCOEDIBLBASE,LCVLBABSBL30,,
,,LCOEDIGRTOP,LCVRBACH26,,
,,LCOJBAVBGR26,LCWDSIGR,,
,,LCONSIWACR,LCWLLABRGLD,,
,,LCOTDIGR,LCWO1BR,,
,,LCPJCNCC,LCYUBTB201LG,,
,,LCPJCNCCBASE,LCYUBTB201TO2,,
,,LCPOBECH,,,
,,LCRABAARKACH26,,,
,,LCRABASIBLGR26,,,
,,LCRABASIKACH26,,,
,,LCRMBABLGR30,,,
,,LCSLLOGR2PC,,,
,,LCSRLABL,,,
,,LCTOBABLKBLK26,,,
,,LCTYCHGR,,,
,,LCVDBABLGR30,,,
,,LCVI26BAWH,,,
,,LCWE3DV,,,
,,LCWY3BLACK,,,
,,LCYUBTB201BA,,,
,,LCYUBTB201TO,,,
,,LCZEDIGRBA,,,
,,LCZUBAVCBL,,,
,,SETODNOSEBE,,,
,,SETODPN4BL,,,
,,SETODSOLTGRBX2,,,
,,SETODSOLTGRBX3,,,
,,SETODSOLTGRBX4,,,
,,SETVEDIWA5B,,,
